<?xml version="1.0" encoding="UTF-8"?>
<root>
  <item name="jp.co.recruit_lifestyle.android.floatingview.FloatingView.FloatingAnimationHandler void setState(int) 0">
    <annotation name="androidx.annotation.IntDef">
      <val name="value" val="{jp.co.recruit_lifestyle.android.floatingview.FloatingView.STATE_NORMAL, jp.co.recruit_lifestyle.android.floatingview.FloatingView.STATE_INTERSECTING, jp.co.recruit_lifestyle.android.floatingview.FloatingView.STATE_FINISHING}" />
    </annotation>
  </item>
  <item name="jp.co.recruit_lifestyle.android.floatingview.FloatingViewManager mDisplayMode">
    <annotation name="androidx.annotation.IntDef">
      <val name="value" val="{jp.co.recruit_lifestyle.android.floatingview.FloatingViewManager.DISPLAY_MODE_SHOW_ALWAYS, jp.co.recruit_lifestyle.android.floatingview.FloatingViewManager.DISPLAY_MODE_HIDE_ALWAYS, jp.co.recruit_lifestyle.android.floatingview.FloatingViewManager.DISPLAY_MODE_HIDE_FULLSCREEN}" />
    </annotation>
  </item>
  <item name="jp.co.recruit_lifestyle.android.floatingview.FloatingViewManager void onTrashAnimationEnd(int) 0">
    <annotation name="androidx.annotation.IntDef">
      <val name="value" val="{jp.co.recruit_lifestyle.android.floatingview.TrashView.ANIMATION_NONE, jp.co.recruit_lifestyle.android.floatingview.TrashView.ANIMATION_OPEN, jp.co.recruit_lifestyle.android.floatingview.TrashView.ANIMATION_CLOSE, jp.co.recruit_lifestyle.android.floatingview.TrashView.ANIMATION_FORCE_CLOSE}" />
    </annotation>
  </item>
  <item name="jp.co.recruit_lifestyle.android.floatingview.FloatingViewManager void onTrashAnimationStarted(int) 0">
    <annotation name="androidx.annotation.IntDef">
      <val name="value" val="{jp.co.recruit_lifestyle.android.floatingview.TrashView.ANIMATION_NONE, jp.co.recruit_lifestyle.android.floatingview.TrashView.ANIMATION_OPEN, jp.co.recruit_lifestyle.android.floatingview.TrashView.ANIMATION_CLOSE, jp.co.recruit_lifestyle.android.floatingview.TrashView.ANIMATION_FORCE_CLOSE}" />
    </annotation>
  </item>
  <item name="jp.co.recruit_lifestyle.android.floatingview.FloatingViewManager void setDisplayMode(int) 0">
    <annotation name="androidx.annotation.IntDef">
      <val name="value" val="{jp.co.recruit_lifestyle.android.floatingview.FloatingViewManager.DISPLAY_MODE_SHOW_ALWAYS, jp.co.recruit_lifestyle.android.floatingview.FloatingViewManager.DISPLAY_MODE_HIDE_ALWAYS, jp.co.recruit_lifestyle.android.floatingview.FloatingViewManager.DISPLAY_MODE_HIDE_FULLSCREEN}" />
    </annotation>
  </item>
  <item name="jp.co.recruit_lifestyle.android.floatingview.FloatingViewManager.DisplayMode">
    <annotation name="androidx.annotation.IntDef">
      <val name="value" val="{jp.co.recruit_lifestyle.android.floatingview.FloatingViewManager.DISPLAY_MODE_SHOW_ALWAYS, jp.co.recruit_lifestyle.android.floatingview.FloatingViewManager.DISPLAY_MODE_HIDE_ALWAYS, jp.co.recruit_lifestyle.android.floatingview.FloatingViewManager.DISPLAY_MODE_HIDE_FULLSCREEN}" />
    </annotation>
  </item>
  <item name="jp.co.recruit_lifestyle.android.floatingview.FloatingViewManager.MoveDirection">
    <annotation name="androidx.annotation.IntDef">
      <val name="value" val="{jp.co.recruit_lifestyle.android.floatingview.FloatingViewManager.MOVE_DIRECTION_DEFAULT, jp.co.recruit_lifestyle.android.floatingview.FloatingViewManager.MOVE_DIRECTION_LEFT, jp.co.recruit_lifestyle.android.floatingview.FloatingViewManager.MOVE_DIRECTION_RIGHT, jp.co.recruit_lifestyle.android.floatingview.FloatingViewManager.MOVE_DIRECTION_NEAREST, jp.co.recruit_lifestyle.android.floatingview.FloatingViewManager.MOVE_DIRECTION_NONE, jp.co.recruit_lifestyle.android.floatingview.FloatingViewManager.MOVE_DIRECTION_THROWN}" />
    </annotation>
  </item>
  <item name="jp.co.recruit_lifestyle.android.floatingview.FloatingViewManager.Options moveDirection">
    <annotation name="androidx.annotation.IntDef">
      <val name="value" val="{jp.co.recruit_lifestyle.android.floatingview.FloatingViewManager.MOVE_DIRECTION_DEFAULT, jp.co.recruit_lifestyle.android.floatingview.FloatingViewManager.MOVE_DIRECTION_LEFT, jp.co.recruit_lifestyle.android.floatingview.FloatingViewManager.MOVE_DIRECTION_RIGHT, jp.co.recruit_lifestyle.android.floatingview.FloatingViewManager.MOVE_DIRECTION_NEAREST, jp.co.recruit_lifestyle.android.floatingview.FloatingViewManager.MOVE_DIRECTION_NONE, jp.co.recruit_lifestyle.android.floatingview.FloatingViewManager.MOVE_DIRECTION_THROWN}" />
    </annotation>
  </item>
</root>

